"Reference","Value","Datasheet","Footprint","Qty","DNP","Ссылка"
"C1,C3,C4,C5,C6,C8,C13,C15,C18,C20","100n","~","Capacitor_SMD:C_0603_1608Metric","10","",""
"C2,C16,C22,C25","4u7","~","Capacitor_SMD:C_0603_1608Metric","4","",""
"C7,C14,C23","1u","~","Capacitor_SMD:C_0603_1608Metric","3","",""
"C9,C10","14p","~","Capacitor_SMD:C_0603_1608Metric","2","",""
"C11,C12","2u2","~","Capacitor_SMD:C_0603_1608Metric","2","",""
"C17,C19,C26","10u","~","Capacitor_SMD:C_0603_1608Metric","3","",""
"C21","150p","~","Capacitor_SMD:C_0603_1608Metric","1","",""
"C24","100u","~","Capacitor_THT:CP_Radial_D6.3mm_P2.50mm","1","","https://www.chipdip.ru/product0/14560"
"D1","PESD1CAN","","Package_TO_SOT_SMD:SOT-23-3","1","",""
"D2","BAV16W","https://www.diodes.com/assets/Datasheets/ds30086.pdf","Diode_SMD:D_SOD-123","1","",""
"D3,D4,D5,D6","BZX384-C4V7","https://static.chipdip.ru/lib/163/DOC045163028.pdf","Diode_SMD:D_SOD-323_HandSoldering","4","",""
"H1,H2,H3,H4","MountingHole","~","MountingHole:MountingHole_3.2mm_M3_Pad_Via","4","",""
"J1","PLS-6","~","Connector_PinHeader_2.54mm:PinHeader_1x06_P2.54mm_Vertical","1","",""
"J2","BH1,27-10-G","~","Connector_PinHeader_1.27mm:PinHeader_2x05_P1.27mm_Vertical","1","","https://energoflot.ru/item/C3503-10SGB000R+BH1%2C27-10-G"
"J3,J5","430450400","~","Connector_Molex:Molex_Micro-Fit_3.0_43045-0400_2x02_P3.00mm_Horizontal","2","",""
"J4","Conn_01x03","~","Connector_PinHeader_2.54mm:PinHeader_1x03_P2.54mm_Vertical","1","",""
"J6","430451000","https://www.molex.com/content/dam/molex/molex-dot-com/products/automated/en-us/salesdrawingpdf/430/43045/430451000_sd.pdf?inline%5C","Connector_Molex:Molex_Micro-Fit_3.0_43045-1000_2x05_P3.00mm_Horizontal","1","",""
"J7,J8","430450800","https://www.lcsc.com/datasheet/lcsc_datasheet_2411220031_MOLEX-430450800_C122422.pdf","Connector_Molex:Molex_Micro-Fit_3.0_43045-0800_2x04_P3.00mm_Horizontal","2","",""
"JP1","SolderJumper2","~","Jumper:SolderJumper-2_P1.3mm_Open_RoundedPad1.0x1.5mm","1","",""
"L1","Дросель EMC","~","user:B82790C0513N201","1","","https://www.promelec.ru/product/73838/"
"L2","6.8","https://www.chipdip.ru/product/csab0420-6r8m-6.8","user:CDCSAB0420-6R8M","1","",""
"Q1,Q3,Q5,Q7,Q9,Q11,Q14,Q16","PNP","https://ngspice.sourceforge.io/docs/ngspice-html-manual/manual.xhtml#cha_BJTs","Package_TO_SOT_SMD:SOT-23-3","8","",""
"Q2,Q4,Q6,Q8,Q10,Q13,Q15,Q17","NMOS","https://ngspice.sourceforge.io/docs/ngspice-html-manual/manual.xhtml#cha_MOSFETs","Package_TO_SOT_SMD:TO-252-2","8","",""
"Q12","BSS138","https://www.onsemi.com/pub/Collateral/BSS138-D.PDF","Package_TO_SOT_SMD:SOT-23","1","",""
"R1","0","~","Resistor_SMD:R_0603_1608Metric","1","",""
"R2,R4,R19,R29,R39,R49,R59,R62,R63,R64,R71,R77,R81,R87","10k","~","Resistor_SMD:R_0603_1608Metric","14","","https://www.promelec.ru/product/344748/"
"R3","120","~","Resistor_SMD:R_0603_1608Metric","1","","https://www.promelec.ru/product/344748/"
"R5","4k7","~","Resistor_SMD:R_0603_1608Metric","1","","https://www.promelec.ru/product/344748/"
"R6","220","~","Resistor_SMD:R_0603_1608Metric","1","","https://www.promelec.ru/product/344748/"
"R7","3k","~","Resistor_SMD:R_0603_1608Metric","1","","https://www.promelec.ru/product/344748/"
"R8,R16,R25,R36,R42,R46,R52,R65,R72,R74","1m","~","Resistor_SMD:R_0603_1608Metric","10","","https://www.promelec.ru/product/344748/"
"R9,R20,R31,R41,R51,R61,R73,R79,R82","180","~","Resistor_SMD:R_0603_1608Metric","9","","https://www.promelec.ru/product/344748/"
"R10,R11,R21,R22,R33,R43,R50","3m","~","Resistor_SMD:R_0603_1608Metric","7","","https://www.promelec.ru/product/344748/"
"R12,R23,R34,R44,R54,R66,R75,R83","150","~","Resistor_SMD:R_0603_1608Metric","8","","https://www.promelec.ru/product/344748/"
"R13,R24,R35,R45,R55,R67,R76,R84","8.2k","~","Resistor_SMD:R_0603_1608Metric","8","","https://www.promelec.ru/product/344748/"
"R14,R26,R37,R47,R57,R68,R78,R85","220k","~","Resistor_SMD:R_0603_1608Metric","8","","https://www.promelec.ru/product/344748/"
"R15,R17,R27,R30,R53,R56,R69,R92,R94","500","~","Resistor_SMD:R_0603_1608Metric","9","","https://www.promelec.ru/product/344748/"
"R18,R28,R38,R48,R58,R70,R80,R86","12k","~","Resistor_SMD:R_0603_1608Metric","8","","https://www.promelec.ru/product/344748/"
"R32,R60","2m","~","Resistor_SMD:R_0603_1608Metric","2","","https://www.promelec.ru/product/344748/"
"R40,R88,R89,R90,R91,R93,R95,R96,R97,R98","R","~","Resistor_SMD:R_0603_1608Metric","10","","https://www.promelec.ru/product/344748/"
"Rb1,Rb2,Rb3,Rb4,Rb5,Rb6,Rb7,Rb8","10","~","Resistor_SMD:R_1206_3216Metric","8","","https://www.promelec.ru/product/344748/"
"SW1","B3F1060","~","Button_Switch_THT:SW_PUSH_6mm_H5mm","1","","https://www.promelec.ru/product/430220/"
"U1","STM32F405RGTx","https://www.st.com/resource/en/datasheet/stm32f405rg.pdf","Package_QFP:LQFP-64_10x10mm_P0.5mm","1","",""
"U2","ISO1050DUB","http://www.ti.com/lit/ds/symlink/iso1050.pdf","Package_SO:SOP-8_6.62x9.15mm_P2.54mm","1","",""
"U3,U13","B0505MT","","user:B0505MT","2","",""
"U4","ST1S14PHR","http://www.st.com/internet/com/TECHNICAL_RESOURCES/TECHNICAL_LITERATURE/DATASHEET/CD00285678.pdf","Package_SO:TI_SO-PowerPAD-8","1","",""
"U5","LDL1117S33R","","Package_TO_SOT_SMD:SOT-223-3_TabPin2","1","",""
"U6,U9,U11,U14,U16,U18,U20,U21","TL431A","http://www.ti.com/lit/ds/symlink/tl431.pdf","Package_TO_SOT_SMD:SOT-23","8","",""
"U7,U10,U15,U24","HCPL-0630","https://docs.broadcom.com/docs/AV02-0940EN","Package_SO:SOIC-8_3.9x4.9mm_P1.27mm","4","",""
"U8,U23","74HC4051","http://www.ti.com/lit/ds/symlink/cd74hc4051.pdf","Package_SO:TSSOP-16_4.4x5mm_P0.65mm","2","",""
"U12,U22","MCP3201","http://ww1.microchip.com/downloads/en/DeviceDoc/21290D.pdf","Package_SO:SO-8_3.9x4.9mm_P1.27mm","2","",""
"U17,U19","HCPL-0600","https://docs.broadcom.com/docs/AV02-0940EN","Package_SO:SOIC-8_3.9x4.9mm_P1.27mm","2","",""
"Y1","Crystal KSE-7U08000MAB143ZA3","https://www.chipdip.ru/product/smd-kse-7u08000mab143za3","Crystal:Crystal_SMD_SeikoEpson_TSX3225-4Pin_3.2x2.5mm","1","",""
